,GF,SPF,Pval
MER4B-int,0.388912778,0.461198289,0
LTR105_Mam,0.655961222,0.532499586,0
(TCTCG)n,0.073980052,0.031812271,0
Eulor6E,0.431133918,0,0
RMER20A,2.040150068,2.06699642,0.004475425
UCON7,0.252853031,0.457881897,0
tRNA-Val-GTY,0.724509928,0.861175836,0
MLT1H,2.254257967,2.299197756,0.03141151
MER113,1.786122436,1.857947312,0.124893053
(CCCCAG)n,2.859345055,2.826925704,1.600472765
(TA)n,2.455540915,2.481777895,0.010578235
Kanga2_a,1.625988213,1.612783857,0.114526388
UCON15,0,0,0
BGLII_B2,2.062162797,2.057529177,0.126556038
L1MC,2.458523461,2.511728324,0.147955436
RMER20B,2.180252891,2.181334708,0.08331843
RLTR13D1,1.265289626,1.331832044,0
LTR86B2,0.319254816,0.719497017,0
MLT1A1,2.649286168,2.623571789,1.0266043
(CACTA)n,0.636487896,0.451479405,0
(TTCTC)n,1.523913614,1.622731965,0.247282812
L1MEg,2.505818355,2.544256611,0.03141151
(CATTA)n,0.120573931,0.254789687,0
X5B_LINE,1.110301047,0.987666265,0
tRNA-His-CAY_,0.775454405,0.694429691,0
LTR48B,1.36355826,1.429623103,0
(CAGT)n,0.986643794,1.132963726,0
RLTR44A,1.219135256,1.158362492,0
(CAAGT)n,0,0,0
MLT1E1A-int,0.371331791,0.251881455,0
MER34B-int,2.448955741,2.460822699,0.03141151
tRNA-Lys-AAG,0.739233184,0.814780146,0
L1ME2,2.258462818,2.321590146,0.242513444
(CCGTA)n,0.056360281,0,0
RMER1C,2.325550846,2.391721774,0.242751923
MER129,0.633468456,0.857211842,0
RLTR13F,0.869650721,0.917400468,0
IAPLTR2b,1.83521934,1.799147487,0.275273367
L1M4c,2.275327811,2.350705338,0.509341131
L1ME2z,2.066506955,2.127584202,0.127382604
Charlie5,2.151251617,2.119104058,0.468532651
LTR29,0.331571893,0.497758718,0
MER66A,0,0.089198367,0
IAPEY_LTR,1.275146756,1.367579534,0
(TTATA)n,0.925238401,1.082138831,0
HAL1ME,1.914539592,1.963646186,0.065772888
MLT1F2,2.202729568,2.250258942,0.054273332
(CTTA)n,0.561952775,0.56014584,0
Cheshire_Mars,0.056360281,0.220108088,0
(CGTTG)n,0.404589388,0.423245874,0
IAPEy-int,1.239585458,1.3253925,0
IAP1-MM_I-int,1.716611407,1.729941935,0.02679728
L1M3a,0.545660489,0.662001879,0
MER57D,1.379331422,1.425142788,0
IAP-d-int,1.461798558,1.624137651,0.559209328
(CATG)n,1.298665975,1.289856403,0
MER63B,1.513541012,1.468967308,0.187030105
IAPEY4_I-int,2.235015937,2.238873737,0.078976062
(CGAA)n,0.272173256,0.501880494,0
(CATAC)n,0.267171728,0.152899596,0
MTB_Mm,2.666594189,2.685309916,0.04398668
MER96B,0.093421685,0.467163966,0
MamRep137,1.624635636,1.619615006,0.065772888
MLT2C1,1.481524525,1.52757835,0.021292496
Tigger19a,1.960531932,1.991385583,0.011671197
B1_Mus2,3.927678704,3.957583154,0.023536343
(CTGGGG)n,2.57260776,2.591580999,0.04398668
RMER20C_Mm,1.894616673,1.925239875,0.011671197
Tigger18a,1.510181031,1.575464966,0.089471709
(CAATA)n,0.372385904,0.170261715,0
LTR73,1.069298012,1.25925931,0
HY1,0.702553618,0.729650668,0
HERV16-int,0.568871932,0.610021025,0
(CCTTG)n,0.35383383,0.352953912,0
(CAAAA)n,2.913158891,2.94351628,0.004475425
(TAAAAA)n,1.628651617,1.637349612,0.021292496
(TTGGGG)n,1.218985396,1.197886768,0
(CAGCG)n,0.920123326,0.716670976,0
(TGGG)n,2.155058278,2.103126104,0.750174488
MER73,0.557163342,0.503245771,0
Eulor6A,0,0,0
L1MD,2.500193333,2.559310407,0.242751923
(CGATG)n,0,0.089198367,0
RLTR14-int,2.221093662,2.20231391,0.26218447
PB1D10,3.868934822,3.88988545,0.153044884
LTR58,0.046996563,0.133538908,0
RLTR6_Mm,1.594013502,1.600341131,0.03141151
MER65-int,0.623692222,0.806722503,0
Eulor3,0.051428177,0,0
tRNA-Leu-TTA(m),0,0,0
Lx8b,3.07675172,3.113902594,0.039157883
Eulor8,0.431363764,0.532244644,0
L1_Mur2,3.087581661,3.103242537,0.1144582
L1_Mur1,2.302550464,2.343538567,0.04398668
RLTR12H,1.36775515,1.385320224,0
ERVB4_1-I_MM-int,1.686942542,1.93788884,3.189308772
(TTCC)n,2.295277998,2.288848148,0.126556038
UCON19,0.056360281,0,0
(TTAGGC)n,1.737374413,1.617440706,1.131325101
RLTR30D2_MM,1.77773744,1.825542953,0.03141151
polypurine,1.98687406,2.002908697,0.03141151
(CATGT)n,0.173602459,0.061452479,0
4.5SRNA,2.209043699,2.321784783,0.862457658
tRNA-Leu-CTG,0.184691431,0.154119526,0
(CAGGG)n,0.976939208,0.887504774,0
L1Md_F,2.453966676,2.471734583,0.04398668
RLTR12A,1.911477217,1.953527748,0.03141151
(CAAT)n,1.372912003,1.335939069,0
LTR81A,0.689308859,0.855761372,0
RMER17D2,1.699763418,1.889693791,1.377759511
Lx5c,2.911398098,2.955128531,0.114526388
GSAT_MM,1.833238207,1.94928264,0.268140103
MER74C,0.559222427,0.375846436,0
L1M4b,2.38313288,2.371271101,0.297909608
(TCCG)n,1.45595367,1.422064298,0
MERV1_LTR,1.587005004,1.60062445,0.025537353
ETnERV2-int,1.796266987,1.854561077,0.078976062
RLTR17,2.432112219,2.442373142,0.096319096
L1M7,1.016197354,1.122478015,0
(CACGC)n,0.547598913,0.57054294,0
ORR1G-int,0.415926794,0.365862215,0
(GATTG)n,0,0,0
(CCCCAA)n,0.844654656,1.051075308,0
(TCCGG)n,0.02413368,0,0
MYSERV-int,2.084101128,2.144455889,0.126556038
LTR59,0.049218023,0.177247836,0
RMER15,3.066796445,3.085237046,0.090153126
(TTAAG)n,0,0,0
MamRep605,1.547282308,1.570356106,0.006545557
(TGGA)n,2.166506232,2.175436429,0.078976062
MER68,2.231899012,2.268914794,0.021292496
MLT1E2,2.233844278,2.250132004,0.04398668
RLTR13D3,2.008198537,1.949760707,0.900841232
LTR36,0.117271296,0,0
MLT1J2-int,0,0.130976692,0
RLTR20C2_MM,2.169963979,2.205642769,0.030181617
ORR1D2-int,2.284691716,2.356408327,0.158482489
L1M6,1.175553228,1.090681204,0
RLTR25B,2.645017825,2.680893663,0.038198022
UCON20,0.081244407,0,0
(GCTG)n,1.354437741,1.321681264,0
RLTR13G,2.604884558,2.531310276,1.005172644
MER97a,0.33243846,0.302330929,0
RSINE1,4.125871328,4.142561085,0.127843047
AmnSINE2,1.764464356,1.7911571,0.004475425
(CAGG)n,1.910487189,1.842047289,0.812724606
UCON28b,0.464319186,0.606811147,0
RMER17B2,1.762078087,1.744167763,0.147955436
HY5,0,0,0
LTRIS3,1.169632455,1.173477643,0
L1MB2,2.700785279,2.720286678,0.04398668
L1MB3,2.756439398,2.830972115,0.631969976
L1ME3Cz,1.721527979,1.717287623,0.070219208
tRNA-Pro-CCG,0,0,0
RLTR44C,1.671662025,1.626381433,0.26218447
BLACKJACK,1.533844659,1.600166689,0.03141151
X9_LINE,2.063858549,2.026516922,0.409986
(TCCTG)n,1.118075676,1.046807214,0
MER110-int,0.546542663,0.673205282,0
MMERVK9E_I-int,2.447104849,2.429409876,0.514419901
MLT1B-int,1.329920636,1.341197032,0
(AGGGGG)n,1.145773365,1.139438274,0
LTR40c,1.376993846,1.370105805,0
MLT1A1-int,0.760099227,0.765072201,0
RLTR47,0.927736887,1.049683089,0
X7C_LINE,0.832235111,0.89740714,0
(CACCG)n,0,0,0
(CCGCG)n,3.0018752,2.944114353,3.189308772
(TAATG)n,0.046996563,0.32056168,0
(CCGGA)n,0.069245117,0.160768562,0
ORR1F,3.202631138,3.229785221,0.021292496
LTR45,1.490941205,1.382161183,0
RLTR20A3_MM,1.75088291,1.77633791,0.004565218
(CAGCC)n,1.453209097,1.347837209,0
MLT1E,1.50005996,1.474332838,0.078976062
(CATAG)n,0.20721106,0.406199424,0
L1MCa,2.336719832,2.398630856,0.225261614
(GTTTG)n,1.757537011,1.770012055,0.029734537
L1MCc,1.615784775,1.625353614,0.03141151
LTR44,0.056360281,0,0
HERVL32-int,0,0,0
L1ME3G,1.900250052,1.928590422,0.004475425
Zaphod2,1.668971327,1.637789829,0.147955436
RLTR9A,1.455149521,1.474944335,0
(AGCTG)n,0.508241055,0.522183318,0
RLTR1C,1.541169002,1.651181062,0.324661605
ORR1D1-int,2.380516175,2.408711326,0.004475425
Tigger2b,1.388608614,1.395989998,0
LTR104_Mam,1.382403025,1.436734966,0
tRNA-Tyr-TAC,1.270246156,1.275587741,0
RLTR10B,1.207672829,1.236789099,0
MLT1A0,2.880180465,2.882958047,0.26218447
(GCCTAA)n,0.781242327,0.86332286,0
(CCGAG)n,1.943536912,1.917400468,0.238409669
ID2,2.658391664,2.688464317,0.014699464
ERVB7_2-LTR_MM,2.050296878,2.093764782,0.03141151
RLTR34D_MM,1.655440305,1.651704344,0.069454153
L1MEa,0.973391782,0.994141111,0
UCON6,0.980068332,1.017951069,0
(TTTA)n,2.228165621,2.344537669,0.88272051
UCON28c,0.078663921,0.207365037,0
RLTR16B_MM,1.69802594,1.680172282,0.11534165
ORR1A4,2.909365735,2.942002097,0.021292496
(CAAGG)n,0.314769807,0.476251796,0
LTRIS4,1.090056407,1.06907581,0
MER92D,0.274157849,0.419294722,0
BGLII_A,1.35303648,1.37386787,0
(CCTAA)n,0.401154272,0.155336037,0
tRNA-Arg-AGA,0.133538908,0.395501124,0
MTD,3.662499471,3.71294805,0.444163088
C-rich,3.465652608,3.436724798,2.556901201
MER97b,0.250420002,0.399327532,0
tRNA-Met,0.144796524,0.037426498,0
LTR16E1,1.181230899,1.254789687,0
ERVB7_4-LTR_MM,1.350552582,1.220003426,0
(CCGAA)n,1.264480507,1.577698558,0
MER88,0.914720837,1.007662447,0
B1_Mur2,3.664575765,3.683260169,0.180505349
MamRep1879,0.701321227,0.58591171,0
ORR1B2-int,1.974722177,2.002070982,0.000972945
BC1_Mm,2.764591327,2.801632803,0.047633979
MLTR13,1.242150828,1.301724312,0
RLTR13E,1.923651025,1.934599438,0.03141151
RMER12B,2.93904405,2.823519873,4.057273641
LTR78,1.418845594,1.449971811,0
G-rich,3.323176051,3.330370342,0.35588688
(CTAAG)n,0,0.031812271,0
(GAGAA)n,1.429660014,1.472200431,0
Lx,3.253434589,3.289003554,0.070219208
MLTR18_MM,1.843392972,1.858176138,0.021292496
RLTR31_Mm,1.662272013,1.692741196,0.010578235
MER91A,1.314348833,1.471144965,0
Charlie2a,1.526597709,1.58941338,0.068610388
UCON29,1.631704615,1.546764689,0.468532651
MMERGLN_LTR,1.662339521,1.637289548,0.126076745
MER44B,2.224329538,2.223687995,0.135655221
(CAGAGA)n,2.350248018,2.385484726,0.014699464
L1M2a,1.157715739,1.064308207,0
MLTR18D_MM,1.816051817,1.812378511,0.112279974
B1_Mur1,3.708606622,3.732014793,0.078976062
(CGGAA)n,0,0,0
L1_Mus4,2.83784717,2.878869781,0.03141151
MLT1G3-int,1.138483147,1.272815934,0
(ATG)n,2.549859439,2.507289031,1.475801232
MYSERV16_I-int,2.215312693,2.247899651,0.023536343
ERVL-B4-int,2.117645281,2.109531302,0.156653433
L1MEh,0.754020525,0.807670301,0
LTR16D1,0.643029456,0.596597096,0
UCON25,0.049218023,0.070407322,0
L1_Rod,2.756287185,2.771299325,0.114526388
B1F1,3.382748574,3.405430034,0.064186001
(ACGTG)n,0,0,0
Charlie10b,0.528181853,0.412292509,0
RLTR10C,2.256119587,2.279228779,0.02679728
L1MB8,2.849166609,2.907466182,0.33778447
MER68C,0.221972816,0.624282096,0
MADE2,1.004444212,0.787885351,0
L1Md_A,3.186857089,3.246228663,0.691763574
RLTR30B_MM,1.489617013,1.498338127,0.03141151
Eulor5B,0,0.057666104,0
MamRep564,0.772740708,0.831869774,0
MER54B,1.272835795,1.236587641,0
RLTR34B_MM,1.873669293,1.900170422,0.004475425
(CATTT)n,0.255617047,0.177824972,0
RLTR15,2.489862093,2.51687633,0.008439497
L1MEg1,0.839926745,0.783903579,0
L1ME5,0.758262884,0.836197481,0
(CTCGG)n,1.666705136,1.511936809,1.27166146
ORR1C2-int,2.161705893,2.234446414,0.297909608
Ricksha_0,0.029383778,0,0
MamGypLTR1b,1.21503296,1.251248762,0
UCON8,0.869147871,0.762378429,0
LTR86A2,0.302269068,0.538824989,0
RLTR10D,1.162351004,1.343093345,0
YREP_Mm,2.529732759,2.57050558,0.043185696
(TATG)n,2.336482606,2.423059005,0.514810605
RLTR21,2.483022541,2.493655983,0.105957088
B3,4.262584341,4.29709379,0.126076745
ID,2.628238543,2.665051636,0.03141151
(ATTG)n,1.460081298,1.414271228,0
RLTR20D,1.627833846,1.651568739,0.021292496
MER67C,1.16123962,1.180871052,0
MER47C,0.02413368,0,0
MER67B,1.214806016,1.26955964,0
Charlie18a,1.535908679,1.484925911,0.188465435
MLT1G1,1.936470656,1.873808691,0.514810605
RLTR20B5_MM,1.728504512,1.782257574,0.064186001
MLTR31C_MM,1.264142929,1.387603361,0
RLTR25A,2.564067208,2.553810234,0.297909608
ORR1A1-int,2.439993221,2.480909108,0.04398668
(TAAA)n,2.084851933,2.242098958,2.384788262
(TTTTTA)n,1.281163279,1.301811023,0
GA-rich,3.547056146,3.547914199,0.268140103
MER20B,2.069710372,2.086388308,0.029694242
(CAGCT)n,0.7186203,0.739572344,0
(CAAAG)n,0.507470346,0.662001879,0
MamRep1161,0,0,0
MER123,0.493358454,0.566083784,0
MER57E3,0,0,0
Helitron1Nb_Mam,0.788673306,0.830716949,0
MER66B,0.090912756,0.099680641,0
MLT1B,2.866192788,2.879015553,0.134363823
RMER30,2.582736858,2.578691918,0.317058932
tRNA-Ile-ATT,0.806470699,0.812646016,0
LTRIS_Mus,2.342095427,2.338568041,0.170111962
RLTR48B,1.548827967,1.554586063,0.02679728
MLT1O,1.5672953,1.70160252,0.489457627
MER136,0.490961238,0.20790353,0
RLTR22_Mus,1.971342128,2.018159374,0.043185696
Lx8,3.625524842,3.632090062,0.540805815
RLTR20B3,1.502992544,1.525821952,0.011671197
X3_LINE,1.548985736,1.530532658,0.100982494
L1Md_F2,3.735097598,3.772441561,0.117207296
MERX,0.408966413,0.641672373,0
tRNA-Ala-GCY_,2.34101034,2.365888399,0.021292496
RLTR53_Mm,1.612253906,1.668274067,0.064186001
U13,1.039527423,1.233148468,0
RLTR46A,0.701444623,0.528402438,0
MLT1E1,1.631863944,1.629735707,0.070219208
LTR33C,1.687006321,1.665956029,0.114526388
RMER6-int,1.373095987,1.532703432,0
RMER16B3,0.412580535,0.361727836,0
U13_,0.65664569,0.570075705,0
U6,1.920056208,2.028083007,0.645412524
RLTR9A3B,0.995070809,0.819148943,0
MER97d,0,0.037426498,0
(CGTG)n,1.645141445,1.715368141,0.116142189
LTR90B,0.282006758,0.518777069,0
(TTTAA)n,0.623987259,0.638089722,0
MER49,0.326628414,0.46686762,0
tRNA-Leu-CTA_,0.267171728,0.443106457,0
RLTR49,1.916529145,2.00882152,0.36884117
IAPEY3_LTR,1.393173938,1.379015287,0
ORR1E-int,2.046171734,2.074260422,0.004475425
LTR84b,0.88970179,0.906227263,0
(TGAG)n,1.529338675,1.534381523,0.04398668
LSU-rRNA_Hsa,5.561330671,5.535065208,0.489462709
(CAAGC)n,0.261772504,0,0
RLTR1B-int,2.107408653,2.144138138,0.018515473
tRNA-Ser-TCY,1.164947373,1.276185974,0
(CTATG)n,0.490560412,0.571242851,0
(CCCA)n,1.258842445,1.186221536,0
ERVB4_1B-I_MM-int,1.985939446,1.989325207,0.068610388
X8_LINE,1.047330507,0.938319543,0
RLTR12B,2.072165836,2.133832596,0.126556038
SSU-rRNA_Hsa,5.999925965,5.998547026,0.191496715
L1MA4A,2.235510411,2.260848604,0.021292496
(TTAAA)n,0.369215857,0.290924559,0
MLT1M,1.792441721,1.733341738,0.35588688
MamRep1894,1.458421997,1.487506026,0
RMER6D,2.221686169,2.289481926,0.242304948
tRNA-Pro-CCA,0.456366033,0.276921132,0
(CAGAG)n,0.950573466,1.020278394,0
(CTTAA)n,0.025305865,0,0
tRNA-Thr-ACA,0.189530417,0.271376872,0
(CACGA)n,0.02413368,0.40790054,0
MLT1F2-int,1.223533024,1.296796775,0
MLT1D,2.727770079,2.76086108,0.021292496
RLTR48A,1.733392178,1.775464809,0.02679728
RLTR26D_MM,1.475816413,1.371326514,0
L1MC5a,2.295689596,2.339057715,0.030503065
MMSAT4,3.717200179,3.667124072,2.830970839
MER70A,0.784107617,0.875986771,0
RMER3D1,0,0.031812271,0
RLTR19A,1.350497223,1.351680377,0
L1MC3,2.564902673,2.636564117,0.419451677
RMER19C,2.236749535,2.2929203,0.153044884
MMERVK10D3_I-int,2.04897976,2.02965969,0.172143247
PB1D7,3.495615294,3.52366116,0.004475425
MER50B,1.294843983,1.291679584,0
Charlie1b_Mars,0.02413368,0,0
(CACAA)n,0.924648427,0.91179659,0
RLTR19,2.32397949,2.329958947,0.077259302
BGLII_B,2.021644036,2.0872986,0.172143247
MARNA,2.023981063,2.002088271,0.260756916
tRNA-Pro-CCY,0.708906281,0.739888655,0
IAPLTR2a2_Mm,1.818763008,1.822102669,0.070219208
(AGGTG)n,0.597695186,0.413634997,0
MERVL-int,2.927425361,2.923440909,0.242513444
RMER19B,3.597007165,3.532319867,0.695389869
HERVL40-int,1.71572884,1.628756647,0.444163088
(CGGGGG)n,0.903012427,0.964448208,0
(CCCTAG)n,0.165625825,0.289588953,0
Charlie13a,1.053681973,1.11058971,0
LTR86C,0.570709688,0.923761961,0
(TTAGG)n,0.056360281,0,0
ORR1D-int,1.711771087,1.671469062,0.191496715
LTR88b,0.525600053,0.574725584,0
MLT1E3,2.308777774,2.217389179,1.883149256
(AACTG)n,1.677841502,1.548119052,1.145436998
(CAAAC)n,1.752432609,1.807426779,0.058740402
Charlie4z,1.577573858,1.557699644,0.116142189
Charlie1,2.292116771,2.342481899,0.126076745
RLTR12F,0.150975614,0.057666104,0
(TCCA)n,2.067687118,2.111202004,0.03141151
(CAT)n,3.020575535,3.065883577,0.083970761
Eulor12,0.411860113,0.2509077,0
MER96B,1.576291977,1.645736577,0.101784221
MER70-int,0.240192538,0.279666944,0
MER95,0.344392274,0.197004728,0
LTR67B,1.534116801,1.623125189,0.138637889
tRNA-Thr-ACG,0.130793096,0.248953615,0
ORR1C2,2.979788282,3.022029776,0.100982494
SRV_MM-int,1.295755541,1.236033147,0
RLTR10F,1.34481317,1.30847904,0
L1M3,2.585025411,2.654213133,0.33596049
RLTR9A2,1.373201086,1.452154586,0
ERVB7_2B-LTR_MM,1.445270516,1.50428052,0
MER54A,1.344532618,1.320644711,0
ETnERV-int,2.888557361,2.788091974,2.081044577
RLTR3_Mm,1.564868879,1.586879736,0.021292496
B2_Mm1t,3.502566205,3.536082983,0.053435028
RLTR13A3,1.541828767,1.544365744,0.040606598
(CTAAA)n,0.555785176,0.746634199,0
MER91C,0.432511174,0.66407759,0
LTRIS4A,1.193919282,1.193514175,0
L1MEd,3.787758842,3.765654848,1.217068641
RLTR42,1.151238478,1.302979937,0
L1M1,1.482567347,1.50141532,0.011351897
MER90,1.091616718,1.059411937,0
L2b,3.058631517,3.08003452,0.070219208
IAPLTR3-int,1.512226843,1.466778677,0.173510975
LTR16D,0.681887029,0.535040813,0
U8,1.176752537,1.43001052,0
B4,3.767726702,3.785023158,0.192184841
L1MB5,2.672019968,2.701369356,0.004475425
X7A_LINE,1.455388748,1.357286732,0
(GAA)n,3.09108332,3.104820216,0.04636432
RMER17A,2.080832558,2.225050696,1.178327855
MER57C2,1.165752917,1.102982231,0
MIRc,3.275453518,3.305516026,0.011671197
tRNA-Thr-ACG_,0.267841936,0.037426498,0
RLTR24B_MM,1.462953881,1.527423659,0.069856134
Arthur1,1.386295083,1.580810973,0
L1MEb,1.614882157,1.680262974,0.05704084
polypyrimidine,1.800775975,1.855482812,0.070219208
MamGypLTR3,0.533663135,0.43679851,0
LTRIS2,2.131192317,2.202575494,0.273832018
L1MD1,2.396206822,2.397063587,0.15177705
(GGAGAA)n,1.505808676,1.642128034,0.514810605
BGLII,1.973668735,2.08979211,0.900841232
(CCCG)n,1.723748778,1.717537366,0.081254429
LTR69,0.868728384,0.96538987,0
(CCCTG)n,1.235600583,1.388846894,0
RLTR10A,1.844911874,1.881190579,0.02679728
MLTR11B,2.28422764,2.308133106,0.014699464
IAPEY3-int,1.841609712,1.907561833,0.101904466
LTR28B,1.085086612,1.127817234,0
(CCCCCT)n,1.185784913,1.319231018,0
RLTR14_RN,2.079413842,2.075254901,0.115175301
MER126,0.917280389,0.994581081,0
(GA)n,2.755892271,2.789620192,0.030503065
Charlie6,1.813333131,1.798236176,0.133989325
MER34A1,1.865907323,1.877463494,0.03141151
(CATAT)n,0.267841936,0.177824972,0
LTR37B,1.102727644,1.170613703,0
RLTR20A2,1.426069539,1.425044875,0
MamRep434,1.588863705,1.714815763,0.376701717
MER131,1.227666381,1.308948386,0
RLTR46B,1.395076655,1.292477594,0
(CCTAT)n,0.075546961,0.031812271,0
(TTTTG)n,2.836126911,2.924422993,1.0266043
tRNA-Leu-TTA,0.244100327,0.148602655,0
MER58B,2.451529861,2.491846152,0.054273332
MLTR14,2.758103729,2.765343644,0.211892856
CR1_Mam,1.765210713,1.781123214,0.021292496
(TAGTG)n,0.919824945,0.872039668,0
U4,2.979747332,3.057084627,0.078976062
RLTR1B,1.762892819,1.793469083,0.008439497
(TTAA)n,1.334166424,1.37635793,0
LTR85a,0.374486486,0.363235804,0
L1MEc,2.534278192,2.578859166,0.083970761
L2a,3.369895667,3.400282,0.02679728
RMER1B,2.953800407,2.984536314,0.002621186
MER132,0.135813898,0,0
(CTAA)n,0.80140371,0.749427099,0
LTR103_Mam,0.152725041,0.41564098,0
RLTR13B3,1.726610792,1.90326367,0.750174488
Tigger13a,1.692507002,1.806139257,0.489462709
(TCTTG)n,0.471291711,0.549738731,0
RLTR11C_MM,1.926695149,1.951045948,0.004475425
(CTCG)n,1.884366439,1.845035994,0.26218447
(GACTG)n,0.449147676,0.316808752,0
L1MA5A,2.14833819,2.156809529,0.04398668
(TCTCTG)n,2.514086461,2.542803027,0.016370185
LTRIS5,0.991669007,0.806179974,0
(CATA)n,2.311599485,2.396317933,0.569588266
tRNA-Gly-GGA,0.835418769,0.645225712,0
ERVB2_1-I_MM-int,0.286520624,0.246990699,0
MER76-int,0.055815028,0,0
MTE-int,2.747449542,2.789498922,0.116142189
(TTTC)n,2.652775242,2.696662122,0.116142189
Ricksha_a,0,0,0
Tigger1a_Mars,0,0,0
L1MDa,2.282411695,2.327301706,0.070219208
MuRRS-int,1.977579905,2.075247596,0.33778447
UCON12A,0.413060153,0.154728207,0
UCON10,0.383302319,0.216429831,0
RLTR11B,2.211337977,2.183901603,0.506229245
LTR41,1.973299425,2.078927834,0.517570089
Lx4B,2.375339568,2.387144131,0.070219208
(ACTCG)n,0,0,0
RLTR20C1_MM,2.498259341,2.583488963,0.769048103
HAL1_SS,1.333648757,1.326663507,0
MLT1F1-int,0.75160899,0.671728088,0
MLT2B3,1.843570896,1.883479731,0.014438845
IAPEY5_I-int,0.513978186,0.335257256,0
IAP1-MM_LTR,0.945960704,1.119255889,0
7SK,4.927080142,4.907630989,1.034301259
(CTACT)n,0.170261715,0.06595298,0
LTR48,1.67953172,1.772497736,0.225261614
(GGGTG)n,1.744192363,1.742002014,0.063121465
(ATAGG)n,0.666517981,0.633872263,0
MLT1G3,1.939540646,1.91041094,0.147650737
MER92-int,1.264547991,1.151185918,0
L1MA8,2.35048615,2.39565483,0.078976062
(CTATT)n,0.461969911,0.193124598,0
(CCTCG)n,0.526523887,0.190331698,0
MER63D,1.569825194,1.688668936,0.176433713
Eulor7,0,0,0
MLTR31E_MM,1.348805363,1.534381523,0
(CGAAA)n,0.640339441,0.667639706,0
RLTR30,1.474174623,1.402054936,0
RLTR26C_MM,1.588799744,1.646266456,0.046877032
MER58A,2.6736593,2.678836927,0.257598485
(ACTAG)n,0.253545686,0.070407322,0
(CGGA)n,1.905232898,1.800056889,0.550882271
L1_Mus1,3.793047039,3.783064323,0.93175875
MER74B,1.408990607,1.419063124,0
LTR109A2,0.555785176,0.658202253,0
Charlie10a,0.811096022,0.796990391,0
UCON12,0.1430148,0.375846436,0
L1ME3,2.103740209,2.196270166,0.408604087
MER125,0.379952656,0.210586025,0
RLTR44D,0.953276337,0.658774321,0
Lx2,2.897485707,2.89698452,0.601190227
RMER16_Mm,1.641119845,1.678536588,0.004475425
IAPLTR2a,1.775423189,1.752463328,0.153820078
RLTR20A2B_MM,1.741241669,1.694622746,0.240184227
LTR88c,0.681887029,0.821775467,0
MLT2B5,1.705167012,1.702775078,0.070219208
(GGTTG)n,0.554748673,0.405858399,0
RLTR19B,1.273827713,1.414304688,0
(CGCGG)n,1.804197867,1.78582792,0.10350038
LTR103b_Mam,1.984572316,1.917326924,0.95896474
UCON22,0,0.180699201,0
MMAR1,1.758111309,1.813474236,0.06278817
(CTATA)n,0.437524073,0.546295835,0
Charlie23a,1.135995383,1.323499608,0
LTR80A,0.438655343,0.177824972,0
FordPrefect,4.600721187,4.779741155,1.292652972
RLTR43B,0,0,0
MIR,3.436955062,3.481641814,0.242304948
MER127,0.726028237,0.777136713,0
Charlie21a,0.989831056,1.060320029,0
MIRb,3.604109979,3.620018769,0.225078725
tRNA-Ile-ATA,0.156202893,0.153509989,0
LTR34,0.14833819,0.115277591,0
L1ME1,2.686138115,2.710359419,0.021292496
(CCCCCA)n,1.582971929,1.526003086,0.192184841
LTR80B,0.577819941,0.745543202,0
nhAT5a_ML,0.062850482,0.072617477,0
LTR87,1.332553872,1.447344118,0
L5,0.526708418,0.352182518,0
LTR32,0.143460917,0.395501124,0
RMER19B2,2.366228115,2.408239965,0.068401068
LTR88a,0.285878652,0.124504225,0
X5A_LINE,0.356299084,0.167317335,0
Tigger1a_Art,0.537639226,0.28780173,0
(TATATG)n,2.021082928,2.100535959,0.343685043
IAPA_MM-int,1.424765001,1.392591444,0
RLTR31M,1.298447587,1.35268408,0
(ATCTG)n,0.070829172,0,0
ORR1A3,2.739886397,2.730606262,0.46736021
LTR85c,0.680982652,0.749736316,0
IAPLTR1a_Mm,2.027180634,2.092980162,0.126556038
(TCC)n,2.764055449,2.747587355,1.005172644
MER5C,1.107791225,1.191953767,0
RNLTR23,0.117271296,0,0
(TTCCG)n,0.146128036,0.037426498,0
(CCTAG)n,0.02413368,0,0
(CTTG)n,1.076536421,1.195844325,0
RLTR16,2.198998577,2.188033675,0.116142189
(CGGTG)n,0.097406066,0,0
MTEb-int,1.918606915,1.959194084,0.02679728
Charlie4,1.007320953,1.212613697,0
MER2B,1.870278465,1.927503814,0.064186001
HAL1,2.527513902,2.547882958,0.03141151
L1M3e,1.788138056,1.76024149,0.231291911
IAPLTR2_Mm,2.376905291,2.406127831,0.008731939
(TG)n,3.454267158,3.498529989,0.29535466
RLTR33,2.346202035,2.405059354,0.225078725
RLTR9D2,1.381450314,1.305695229,0
RLTR13D6,1.619421314,1.599337133,0.114526388
LTR89,1.125852894,1.119123865,0
PB1,3.144852974,3.163472667,0.100982494
MLT1G-int,0.150537155,0.234010818,0
U5,1.381372975,1.597695186,0.862457658
UCON4,1.270944887,1.26768788,0
RLTR9A3A,0.950920929,0.999913132,0
Charlie15b,1.416450298,1.435939875,0
L1M4a2,1.80827851,1.910955068,0.426820126
MER105,1.234336471,1.24703988,0
L1MB4,2.459151146,2.473545359,0.070748396
MLT2F,2.466649465,2.216081411,2.574390727
LTR75_1,0.056360281,0.031812271,0
MER94,1.198146314,1.353377595,0
(CGAGG)n,1.406442849,1.393575203,0
MLT1E3-int,0.191131504,0.104487111,0
(AGTTG)n,0.025305865,0.151063253,0
LTR41B,1.444379426,1.436893809,0
RLTR13D3A1,2.38843616,2.408562174,0.030343602
(CAACC)n,2.094541001,2.06008562,0.355845474
RLTR51B_Mm,1.490961238,1.568717876,0.105957088
HAL1M8,1.712084222,1.8152323,0.355845474
MT2B,3.139525123,3.184318288,0.26218447
Tigger5b,2.076692446,2.148417547,0.242304948
Charlie13b,0.900523181,0.953373051,0
(CAATT)n,0.097901553,0,0
Tigger9a,1.2999118,1.271888053,0
RMER13A,1.989735778,1.975523713,0.153820078
Charlie11,0.692469217,0.629817196,0
L1M8,1.238691148,1.145817714,0
HAL1b,1.554021646,1.635503853,0.126556038
MER5A1,2.243852694,2.265440495,0.021292496
MER134,0.346073416,0.311753861,0
Lx3B,3.549922754,3.50615827,1.883149256
(CTTAT)n,0.082272323,0,0
RLTR19C,1.571392685,1.585663729,0.02679728
RMER1A,2.963625274,2.985462402,0.027575905
MER5C1,0.876794976,0.925312091,0
BGLII_Mus,1.462034151,1.539828558,0.114526388
MLT2B2,1.783699446,1.828453654,0.030503065
(CACTT)n,0.110108498,0.127752516,0
MLT1C-int,1.132213933,1.211494312,0
L1M3d,0.63677437,0.821251432,0
(AATAG)n,0.429982858,0.431685345,0
MER63C,1.311208759,1.366086599,0
(CCGG)n,0.5940767,0.423900919,0
MLT1K-int,0,0,0
MER5A,2.803467846,2.848994125,0.126076745
B1_Mus1,4.047034144,4.074295706,0.014608553
RLTR13A,1.316090217,1.358620034,0
LTR102_Mam,0.906565906,0.968669702,0
MLT1J-int,1.390102037,1.404388936,0
MTB,2.952493542,2.962627846,0.192184841
RLTR20A,1.481401675,1.50116885,0.011671197
Lx10,2.577079632,2.62885057,0.172143247
ERVL-int,1.580403575,1.627611614,0.02679728
Eulor9C,0.137625348,0.299289334,0
(CAAA)n,2.670149067,2.701854542,0.004475425
RLTR6B_Mm,1.281974347,1.34752516,0
SUBTEL_sa,0.760637854,0.754195388,0
Charlie25,1.246709557,1.403532305,0
RLTR31B2,2.161316654,2.218829487,0.153820078
(CGGAG)n,1.777053788,1.718003168,0.409986
Charlie10,1.46327426,1.510571818,0.03141151
MER130,0.772216893,0.768342059,0
RLTR9C,1.947524745,1.778672091,3.636737327
LTR33B,1.063547799,1.023581658,0
tRNA-Lys-AAA,0.660187634,0.581608366,0
ORR1A2-int,2.819015316,2.835047213,0.079933544
MT2C_Mm,2.239238684,2.265916331,0.007583877
(CTTAG)n,0,0,0
Lx7,3.330105773,3.339225191,0.26218447
(ATGTG)n,0.593602493,0.719993826,0
MER21C,2.435537231,2.508691287,0.518901705
L1MEg2,0.811096022,1.034146977,0
(TAGGG)n,0.167317335,0.235528447,0
tRNA-Tyr-TAT,0,0,0
MamSINE1,2.023511136,2.011553528,0.188465435
(CTAG)n,0.029383778,0.333245699,0
ERVL-E-int,1.531953097,1.689131197,0.518901705
IAPLTR3,0.800520698,0.930847192,0
LTRIS4B,0.954793645,0.906227263,0
MER121,1.156938362,0.99878227,0
tRNA-Leu-CTY,0.628096869,0.648360011,0
LTR108b_Mam,0.102335682,0.070407322,0
MER70B,1.010905414,1.100163689,0
X1_LINE,0.433884077,0.301897717,0
(CTGTG)n,1.238905951,1.268905441,0
tRNA-Ala-GCG,1.079749593,1.111329737,0
L1M3f,0.977266212,1.033423755,0
(ACTTG)n,0.039697324,0.031812271,0
(ATTAG)n,0.201006747,0,0
(CAA)n,2.369475614,2.379490439,0.078302265
RMER17A2,2.102291564,2.155013994,0.107606896
Lx5b,2.720597513,2.681584918,1.367283417
IAPEY2_LTR,1.546137086,1.584150231,0.021292496
Helitron3Na_Mam,1.28716165,1.232792884,0
UCON14,0.180207825,0.037426498,0
IAPLTR1_Mm,2.731738377,2.760595865,0.004475425
(CGAG)n,2.483558771,2.483367598,0.147955436
(GGAAA)n,1.54507727,1.621923705,0.126556038
ORR1B1,3.151129847,3.194867739,0.212212299
L1MEj,1.075181855,1.134049543,0
tRNA-Gln-CAG,0.592493992,0.804684515,0
MLTR18A_MM,1.404784862,1.471321054,0
ORSL-2a,0.400414628,0.634275695,0
MMETn-int,3.639067361,3.525917445,2.863107251
MLT1G1-int,0.046996563,0.240549248,0
RLTR41,1.838597253,1.792475738,0.297909608
(TCTCC)n,1.372069939,1.451817127,0
MTE2a,3.19383035,3.205128004,0.242751923
RLTR53B_Mm,0.811479251,0.936815231,0
MamRep488,0.137625348,0.357172258,0
L1ME3F,1.325779467,1.430945353,0
L1MB1,2.135264442,2.180452764,0.064186001
LTR40a,1.524692784,1.581130106,0.068401068
(CTTCG)n,0,0,0
Tigger15a,1.957244597,1.98253354,0.021292496
MER57-int,1.165244326,1.010893313,0
(TGGGGG)n,1.630820001,1.605800484,0.13926655
MLT1E1A,1.893698368,1.971340802,0.185651085
(GAAAA)n,2.184504859,2.261267628,0.330256367
ORSL-2b,0.842698371,1.125871467,0
MTA_Mm,3.271023008,3.298282663,0.021292496
MuRRS4-int,2.050655902,2.06887573,0.03141151
RLTR26_Mus,1.968082493,1.907808924,0.534497908
(CAACG)n,0.029383778,0.147985321,0
ERVB5_1-LTR_MM,1.189971304,1.212826586,0
LTR16E2,1.008660993,1.081203239,0
RLTR13B4,1.441829745,1.481643246,0
RMER10B,2.24816601,2.283387174,0.021292496
RMER15-int,2.570247639,2.597104758,0.014699464
B3A,3.9321493,3.965028043,0.070219208
Cheshire,2.010863059,2.097860945,0.330256367
RLTR13D,0.977658293,1.03173154,0
Kanga1,1.675424794,1.668739918,0.068401068
Kanga1d,1.087578619,1.106870544,0
Charlie8,2.340444115,2.289900962,1.005172644
(GAAA)n,2.58127006,2.642015154,0.268140103
tRNA-Ser-AGY,0.891537458,0.884455496,0
Charlie22a,1.115705585,1.102570902,0
L1Md_T,3.509218465,3.538702897,0.004179186
Tigger10,2.010190885,2.048371876,0.021292496
(CACCT)n,0.181435225,0.258158193,0
L1MC4a,2.496362205,2.526512444,0.004951393
MT2_Mm,3.097820827,3.014536499,2.830970839
Eulor2A,0.53673876,0.42975228,0
(CCGGG)n,1.454343881,1.351641726,0
(CTA)n,1.783525856,1.692071015,0.963895007
MLT1F1,2.092259344,2.170982984,0.180505349
Eulor2C,0.055815028,0.252853031,0
UCON2,0.795681437,1.061904634,0
(ATATG)n,0.493358454,0.546295835,0
Charlie7a,0.932256273,1.273371712,0
MLTR31F_MM,1.562768543,1.533110838,0.133989325
ORR1G,2.572592821,2.59739678,0.025537353
MamRep38,1.094021678,1.093141405,0
(CGA)n,1.68770728,1.637909811,0.26218447
CT-rich,3.907665597,3.88949107,0.514810605
Kanga11a,1.044987487,1.14220169,0
MER45B,1.356517542,1.46386314,0
MER101B,0.075546961,0.094121596,0
MER21-int,1.011449605,0.810501348,0
MER47A,1.175925782,1.168084796,0
(A)n,3.649237194,3.691213087,0.064186001
Charlie15a,1.855821905,1.782773516,0.88272051
(TAAAG)n,0.077627418,0.072617477,0
L1MD2,2.600146437,2.60730058,0.147650737
LTR108a_Mam,0.421133657,0.699837726,0
LTR77,0.345793677,0.557025722,0
RLTR9A3,1.429567729,1.538649126,0
C573_MM,0.149658905,0.144262774,0
MER110A,1.086359831,1.039414119,0
MLT1L-int,0,0,0
Charlie26a,1.223087822,1.26810973,0
L1ME3D,1.666918929,1.683983096,0.021292496
L1M4a1,1.691775909,1.694798176,0.03921174
MER106B,1.071250612,1.243038049,0
RLTR50A,0.299787378,0.154119526,0
ERV3-16A3_I-int,1.382814362,1.30345526,0
RLTR43C,0.936657335,1.164293359,0
RLTR28B,1.589614541,1.701308885,0.26218447
RLTR48C,1.036229544,1.046417117,0
RLTR20B3A_MM,1.787389621,1.840444863,0.04398668
RLTR16C_MM,1.500824339,1.547627045,0.02679728
tRNA-Leu-TTG,0.087882782,0.071882007,0
(CGAGA)n,0,0.037426498,0
MurSAT1,0.029383778,0.031812271,0
(CAGTC)n,0,0.13289977,0
LTR83,0.857073911,0.852601969,0
UCON9,0.589151412,0.491921713,0
tRNA-Leu-CTA,0.066059569,0.299289334,0
MamGypLTR2c,0.850733733,0.733036683,0
(CAGTT)n,0.387389826,0.280122896,0
MamGypLTR2b,0.723455672,0.482873584,0
(CCG)n,3.66260054,3.613340879,4.057273641
(TATTG)n,0.495346075,0.448087667,0
RLTR19A2,0.644438589,0.547774705,0
MurERV4_19-int,2.25933444,2.349941578,0.514244253
RLTR20B1,1.652094318,1.64465519,0.083970761
MER83A-int,0,0,0
(CATTG)n,0.08380965,0.422917981,0
LTR33,1.559940807,1.710083501,0.769048103
RMER13B,2.197678233,2.236340726,0.02679728
RLTR17B_Mm,2.888063902,2.941481617,0.330256367
BGLII_Mur,1.69729163,1.707723429,0.03141151
MER51-int,0.750728737,0.720820582,0
(TCTCCC)n,1.430190274,1.45700334,0
L3b,2.37714487,2.407064424,0.011671197
LTR81C,1.452553063,1.568530255,0.275199968
(CACCAT)n,2.251766804,2.197749068,0.900841232
Eulor9A,0.753801847,0.611085733,0
L2,3.302813759,3.331681927,0.011671197
LTR65,1.438655343,1.300378065,0
L1M2c,1.165456312,1.300117018,0
(G)n,1.196570926,1.162922686,0
MLTR32C_MM,0.835418769,0.897187077,0
RLTR9A4,0.274157849,0.230959556,0
Charlie17,1.217107769,1.180469962,0
(CCA)n,2.912948942,2.910409872,0.355845474
(CATTC)n,0.069245117,0.057666104,0
L1M4,3.026860569,3.062419516,0.04398668
MLT1H-int,1.588911669,1.583312152,0.04398668
tRNA-Arg-CGA_,1.013258665,1.097673699,0
L1VL1,2.146938258,2.156954788,0.078976062
LTR40A1,0.593444309,0.289142836,0
MER135,0.933487288,1.023005397,0
(CCCGG)n,1.224570057,1.229784198,0
(TAGG)n,1.019056916,0.976441689,0
RLTR34C_MM,1.848470635,1.735981932,1.243204724
MER102b,2.041454723,2.027602363,0.213931252
LTR53,0.909632429,0.905256049,0
MTA_Mm-int,3.09197028,3.086248751,0.935121227
(CACAT)n,0.821326333,0.798374377,0
MLT1A,2.33854471,2.40090047,0.242304948
(GCCTG)n,1.273100528,1.259354927,0
MER92B,2.169984953,2.081858365,1.243426995
UCON16,0.412340527,0.494988974,0
(CACGT)n,0.028803558,0,0
MER112,1.398882026,1.434249452,0
MERVL_2A-int,3.078200392,3.017323885,3.888589882
RLTR13A2,1.67469059,1.682379767,0.039157883
MER92A,0.44782226,0.485437481,0
(TCCC)n,1.830964241,1.86003839,0.008731939
MER33,2.393023368,2.420902567,0.004475425
MLT1F,2.238196699,2.25210511,0.064186001
(CATGC)n,0.113465843,0.208441356,0
(CAATG)n,0.055815028,0,0
MamTip2,1.901497242,1.810178732,0.672730398
IAPEY4_LTR,1.402040186,1.347642205,0
(CAGTA)n,0.877782571,0.768490105,0
MamGypLTR1d,0.522071449,0.716003344,0
Zaphod,1.178607003,1.286501379,0
tRNA-Ser-TCA(m),2.084698813,2.013410284,0.148206261
MamGyp-int,1.889197619,1.937758543,0.070219208
RLTR12BD_Mm,2.13935726,2.235351663,0.514810605
X7D_LINE,0,0.421603927,0
(ACTG)n,0.832873713,0.693902741,0
Arthur1A,1.108758258,1.227115083,0
RLTR13B2,1.2930783,1.501907841,0
Kanga1c,1.120761897,1.194625329,0
(TATAG)n,0.582225746,0.335257256,0
L1MA10,1.442591744,1.33025139,0
RMER3D3,0,0.201397124,0
URR1B,3.262751026,3.319270165,0.750174488
RMER16B,0.818508668,1.07773118,0
RCHARR1,2.845448879,2.909196464,0.646601527
MTD-int,2.609036129,2.664004166,0.26218447
MTC-int,2.821093161,2.915525409,2.010287801
RLTR12B2,1.116512868,1.258972331,0
tRNA-Arg-CGY_,0.583684471,0.615318657,0
RLTR22_Mur,2.217269564,2.215351993,0.100982494
Eulor6B,0.730436178,0.765668555,0
Tigger12c,0.871739683,1.027920136,0
ID_B1,4.156373633,4.184336527,0.014699464
tRNA-Asp-GAY,0.841448859,0.883434294,0
RMER2,1.990237343,2.116680784,1.430045075
Eulor4,0,0,0
Lx4A,2.69643253,2.734643039,0.04398668
UCON24,0,0,0
LTR75B,0.669980635,0.773493892,0
L1MC4,2.759183107,2.80865922,0.1144582
RLTR18B,2.083584516,2.087823994,0.100982494
RLTR43A,0,0,0
MER89,1.331629718,1.510142699,0
RLTR30D_RN,2.236166434,2.316222037,0.213783665
IAPEY5_LTR,0.66811956,0.673573796,0
(CTCCG)n,1.481401675,1.604571623,0.33843421
LTR78B,1.745710369,1.810917705,0.096319096
Eulor5A,0.735484837,0.869114327,0
MLT1O-int,0,0,0
Arthur1B,1.726901776,1.699369372,0.172143247
(TCTA)n,2.300505424,2.350135553,0.101582962
MLT-int,2.172277589,2.212283512,0.04398668
UCON28a,0.606688396,0.331629718,0
U3,2.418111809,2.537949993,0.870007874
RMER16A3,1.044427757,1.010215125,0
IAPEY3C_LTR,1.088541073,1.020444155,0
(CGAAT)n,0,0,0
(CATATA)n,1.93577349,1.978709933,0.03141151
MER52-int,0.936154554,1.028245817,0
tRNA-Arg-CGA,0.362536327,0.497482537,0
MER74A,1.654231565,1.723340721,0.126076745
MTB-int,2.4958376,2.471526401,0.426820126
LTR39,0.268845312,0.688953463,0
RMER3D-int,2.12827923,2.144555528,0.039157883
ERV3-16A3_LTR,0.978897551,1.131426172,0
MER102c,1.513502976,1.497841538,0.100982494
(CCCGAA)n,1.07434617,1.137543995,0
L1ME4a,2.251537412,2.308952651,0.126556038
L1PB4,0.909937894,1.04273298,0
FordPrefect_a,0.056360281,0.470116353,0
RLTR1D2_MM,1.197044143,1.328175661,0
RLTRETN_Mm,2.834747596,2.759735816,2.576680712
(TACGG)n,0,0,0
Charlie4a,1.864773748,1.943286717,0.187030105
Charlie17b,1.540418863,1.526597709,0.079933544
MT2B2,2.696543598,2.710974948,0.1144582
L1MC5,2.60351863,2.620358873,0.081254429
MLTR73,1.651347252,1.676217911,0.014699464
L1ME3A,2.391620559,2.353289041,0.775458318
(TTCCC)n,0.722868867,0.747256397,0
LTR81,0.560930905,0.343999069,0
RLTR23,1.860303775,1.871806364,0.03141151
B1_Mur3,3.54717637,3.567813973,0.070219208
LTRIS6,0.815008182,0.723783937,0
ZP3AR,2.424851314,2.425599425,0.116142189
RMER4A,2.625144817,2.673452221,0.148206261
MER77,1.633353013,1.599074838,0.172143247
(TTC)n,2.392347669,2.458613679,0.345369682
(CAAGA)n,0.206054482,0.32674538,0
UCON13,0.241617624,0.227886705,0
L1M3c,0.970280445,1.020361283,0
MYSERV6-int,2.562999399,2.598076671,0.021292496
MER83B-int,0,0,0
RMER21B,1.839846014,1.813687714,0.240184227
(TTTTA)n,1.930767158,2.020054516,0.192184841
Eulor1,0.165201917,0.28510703,0
LTR16A1,1.154510919,1.30263392,0
RLTR1,0.278100035,0.06669855,0
Lx6,2.942612454,2.974558666,0.025537353
MLT1F-int,1.480232865,1.481471294,0.02679728
RLTR18,2.125657829,2.121914226,0.126556038
(CAAAAA)n,2.579009013,2.613084581,0.021292496
RLTR8,1.522332432,1.377524801,0
ORR1A1,2.699705201,2.724406958,0.021292496
tRNA-Ser-TCA_,0.444267912,0.60162548,0
MLT1E2-int,0.618794949,0.480006943,0
(TTCGG)n,0.053078443,0,0
MER4CL34,0.025305865,0,0
Ricksha_a,0.350801612,0.205745541,0
(TATAA)n,0.782677335,0.947041405,0
RMER13A2,2.10759756,2.164430189,0.136600882
MMVL30-int,2.86767116,2.829069512,0.426820126
LTR16C,1.465425344,1.57333584,0.242751923
(GGCTG)n,1.783893375,1.858356705,0.078976062
MER104,1.316569372,1.373904592,0
L1VL4,2.910646508,2.919277927,0.192184841
MER20,2.852344037,2.888078353,0.054273332
LTR86A1,0.672097858,0.72932681,0
MLTR18C_MM,1.637218032,1.673721115,0.021292496
Tigger6b,1.352458173,1.358543956,0
RLTR4_Mm,4.214588682,4.234183639,0.03141151
UCON23,1.098693159,1.04743064,0
LTR16D2,1.257541444,1.275219187,0
Plat_L3,1.632356046,1.582835765,0.225261614
B2_Mm1a,3.525021471,3.555767023,0.025537353
MMERGLN-int,2.968515636,2.870939712,0.637763305
(CA)n,3.430739448,3.478059764,0.355845474
MLT1E-int,0.069245117,0.031812271,0
(TATCG)n,0,0,0
5S,2.404582056,2.522645032,0.148206261
L1M2a1,0.803457116,0.616790486,0
RLTR20B2,1.764837695,1.796130099,0.005095377
(CAGC)n,0.985490629,0.96736074,0
LTR84a,0.834238991,0.987487506,0
RodERV21-int,2.070217355,2.12822474,0.114526388
ORR1B2,3.025305865,3.009109105,1.228615347
L1MDb,1.539810658,1.496708295,0.116142189
Kanga1a,0.981818607,1.001993174,0
LTR86B1,1.153597118,1.090822163,0
ERVB4_1B-LTR_MM,1.875631676,1.884512159,0.04398668
MER113B,0.636201233,0.676327734,0
MamTip1,0.79637607,0.97386645,0
(CATAA)n,0.544599508,0.63286204,0
Tigger12,2.12033886,2.124302029,0.100982494
Tigger16a,1.325075634,1.395291438,0
(GTATG)n,0.500471716,0.619719266,0
Cheshire_Mars_,0.123384909,0,0
MER34A,1.564073979,1.49287209,0.278111536
(TTG)n,2.254810391,2.293667448,0.03141151
MLT2B4,1.914524485,1.952240146,0.018570288
(CATCT)n,0.069245117,0.090610708,0
(TTAG)n,0.725094521,0.892651034,0
Ricksha_b,0,0,0
tRNA-His-CAY,0.02413368,0,0
ORR1E,3.201009091,3.220161979,0.114526388
(CAGAA)n,0.943282475,0.80631567,0
LTRIS_Mm,1.752322884,1.709049365,0.275199968
(GGGAA)n,0.687783679,0.727866449,0
UCON21,0.053078443,0.07114529,0
RLTR30D_MM,1.364336542,1.493820393,0
(TTCA)n,1.810722048,1.859450541,0.04398668
L1_Mur3,3.089702797,3.12200999,0.01076695
RLTR10E,1.538627586,1.641672373,0.172143247
U17,2.738961665,2.72519102,0.068401068
MER124,1.154771652,1.283572578,0
(ATGGTG)n,1.623943016,1.616916411,0.077259302
LFSINE_Vert,2.633029611,2.569277909,2.495954327
MLT1E1-int,0,0,0
RLTR31D_MM,2.602515761,2.640668233,0.03141151
L1_Mus3,3.639240671,3.604282227,2.574390727
(TACTG)n,0.326628414,0.13481437,0
ORR1C1-int,2.109197547,2.118522646,0.068610388
MER58C,1.800255444,1.771896007,0.078976062
RMER16C,1.657834097,1.629409599,0.133989325
LTR45C,0.029383778,0,0
LTR23-int,0,0,0
B2_Mm2,3.973237074,4.019524045,1.02341801
RLTR13B1,2.045378869,2.076851533,0.004475425
MLT2C2,1.398758193,1.497012626,0
LTR106_Mam,0.751389094,0.786609473,0
RLTR11A2,2.506505032,2.568549021,0.330256367
RLTR31_Mur,1.499647814,1.566602457,0.064186001
IAPLTR4,1.039357456,1.040127442,0
A-rich,3.535676334,3.578865809,0.070219208
RMER16,1.509183314,1.565611725,0.03141151
RLTR6C_Mm,0.555957686,0.391993072,0
(CATCC)n,1.430098102,1.383851257,0
(CTAGG)n,0.25215927,0.368472838,0
MurERV4-int,2.759678634,2.790511755,0.013735352
(GAGTG)n,0.255617047,0.435844366,0
Charlie19a,1.203809661,1.314499228,0
(GGGA)n,2.114839651,2.149828545,0.016217141
LTR52-int,0.070829172,0.037426498,0
L4_A_Mam,1.66152874,1.646815278,0.078976062
RLTR14,2.155682987,2.175703116,0.021292496
RMER17C2,2.131751526,2.164810706,0.018515473
MLTR31A_MM,1.472003772,1.425566824,0
(TTCG)n,0.264817823,0.072617477,0
(CAATC)n,0.025305865,0,0
HY3,0.829579428,0.868761958,0
Lx3C,2.491497765,2.531846634,0.070219208
RMER6C,2.441621083,2.443062618,0.1144582
(TTGG)n,1.568503446,1.591665522,0.007583877
LTR33A_,1.415211906,1.381331722,0
ERVB4_3-LTR_MM,0.274157849,0.296226287,0
LTR108c_Mam,0.29603805,0.272305844,0
URR1A,3.263535978,3.309981293,0.26218447
(CCTG)n,1.807467376,1.681313614,0.93175875
(AGTAG)n,0.539255374,0.654946227,0
(TTTCG)n,0.029383778,0,0
B1F2,3.307626521,3.332377048,0.03141151
MLT1J1,1.588031478,1.596267126,0.03141151
LTR108d_Mam,0.282654476,0.38309693,0
LTR107_Mam,0.578966485,0.628184508,0
Arthur1C,0.981559752,1.012330956,0
RMER12,2.288223667,2.340440149,0.090153126
L1M3de,1.065686395,1.153631965,0
LTR40b,1.370089929,1.358353701,0
MLT1J,2.378418668,2.369935373,0.275199968
(CAAAT)n,0.446936396,0.486288761,0
RLTR44B,1.5081833,1.531044405,0.014699464
RMER4B,2.949902771,2.985351915,0.025537353
MER50,1.059671586,0.946452265,0
MLT1H1,1.708748592,1.73459183,0.015484381
MER81,1.522220601,1.555118643,0.016142215
LTR53B,1.780358466,1.770424868,0.116142189
(CG)n,1.328292211,1.379124146,0
MIR3,3.241936914,3.243304996,0.755660163
(TAAAA)n,1.748642026,1.813314059,0.083970761
RLTR4_MM-int,4.844462974,4.833235633,0.786940252
ORR1C1,2.761702368,2.804060339,0.090113867
(CGGT)n,0.153161298,0.094121596,0
RLTR1D,1.484747125,1.533263517,0.02679728
LTR37-int,2.151194679,2.087682058,0.750174488
RLTR51A_Mm,2.175987843,2.195877522,0.025537353
DNA1_Mam,0.573368981,0.58591171,0
Tigger11a,0.59565366,0.517195898,0
L1Md_Gf,1.85023476,1.915199264,0.114526388
tRNA-Ser-TCA,0,0.090610708,0
RLTR31C_MM,1.775121325,1.83844608,0.116142189
(CCCTAA)n,1.535637657,1.7059321,1.034301259
U7,0.819261835,0.918344929,0
tRNA-Gln-CAA_,0.703045597,0.724111954,0
Charlie24,1.74127544,1.662077534,0.506229245
LTR16A,1.700134832,1.767764194,0.114526388
(TTTG)n,2.671346103,2.713297294,0.094858019
MER31A,1.921760771,1.982099291,0.1144582
MLT1H2-int,0.326335861,0.295347148,0
MLT1-int,1.523913614,1.658259494,0.33596049
(GGGGA)n,1.307496038,1.355336562,0
tRNA-Gly-GGY,1.141404975,1.253047086,0
RLTR17C_Mm,1.380779589,1.417737337,0
MTB_Mm-int,1.769145134,1.800139467,0.011671197
tRNA-SeC(e)-TGA,0.186714231,0.3287872,0
RMER13A1,2.042867906,2.059290715,0.03141151
(TTA)n,1.725012725,1.847510965,0.528728229
(CGAGT)n,0.025305865,0,0
UCON31,0.232269865,0.333648757,0
Ricksha_0,0.549703737,0.613418945,0
L1M2,2.995890808,3.03957908,0.126556038
Charlie1a,2.604884558,2.644318428,0.03141151
Tigger6a,1.751257103,1.699542895,0.33778447
Lx2B,2.404577168,2.399870926,0.262932379
MamRep137,0,0,0
RMER3D2,0,0,0
Looper,1.418088117,1.543546578,0
RLTR26B_MM,1.647019509,1.626504608,0.094332814
tRNA-Val-GTG,0.433198168,0.473632927,0
L1M,1.060967505,1.059108818,0
RLTR12D,1.955371585,2.052247493,0.468532651
LTR81B,1.332611566,1.470851325,0
LTR82B,1.130517558,1.232894509,0
MTEa-int,2.433170709,2.454594878,0.03141151
RLTR20A1,0.75858751,1.031408464,0
LTR16B,1.257781395,1.291413255,0
MURVY-LTR,1.742758788,1.73223288,0.096319096
Tigger14a,1.513959188,1.425697213,0
RLTR1E_MM,0.179387628,0.238547888,0
LTR9A1,0.113943352,0.094121596,0
Ricksha,0.192328458,0.319314304,0
ID4_,3.303670836,3.327143062,0.034282869
tRNA-Phe-TTY,0.34858299,0.314288661,0
(CACAC)n,0.873652695,0.958181498,0
MER67D,0.677737274,0.902220528,0
tRNA-Glu-GAG,0.285557309,0.281487888,0
MLT1N2,1.558399964,1.611085733,0.023536343
MER90a,1.433724128,1.548929647,0
(TGAA)n,1.760163898,1.803893922,0.03141151
LTR55,0.62176958,0.857211842,0
MER21B,2.440459269,2.46462068,0.018921313
MER65D,0.872655653,0.905039928,0
(TCCCC)n,1.724264163,1.765504639,0.021292496
Tigger17a,2.098154034,2.161242188,0.171654338
RMER3D4,0.02413368,0.037426498,0
ETnERV3-int,1.751389094,1.763353109,0.03141151
(GGATG)n,0.681628827,0.808346036,0
ERVB7_3-LTR_MM,0.951753709,1.086857916,0
ERVB4_2-I_MM-int,1.933747526,2.007261164,0.166283345
MLT1G,1.632167955,1.64014341,0.04398668
RMER6B,2.146181211,2.153546586,0.065395129
MLTR25A,2.165918081,2.211435598,0.068401068
LTR91,0.319254816,0.651471852,0
Tigger17b,0.915701272,0.950948714,0
MER102a,1.603299063,1.609530381,0.036772047
(TCGGG)n,0.23840458,0.151063253,0
MER47B,1.485741701,1.562483198,0.134363823
ORR1A0-int,2.71854202,2.74438218,0.021292496
UCON27,0.046996563,0.206286044,0
MMERVK9C_I-int,2.259662127,2.250068521,0.268140103
LTR68,0.701444623,0.672651923,0
Charlie9,1.160640003,1.172953028,0
RNERVK23-int,2.540719074,2.607834463,0.283195296
(CAGA)n,2.311687274,2.270576363,0.750174488
(CACAG)n,1.469843047,1.433673847,0
U1,3.443838982,3.568334105,0.153820078
L1_Mus2,3.155959048,3.173000269,0.136600882
RLTR41C,1.840070231,1.873076352,0.021292496
(ACATG)n,0.665982806,0.353339095,0
RLTR13A1,1.34481317,1.325761885,0
(CTAAT)n,0.098396476,0.299289334,0
(CTG)n,3.235697226,3.238919837,0.294243888
(AAATG)n,0.079181246,0.134177108,0
LTR90A,0.474424409,0.413299764,0
RMER16B2,1.528696377,1.40462849,0.637763305
RLTR10,2.436601038,2.475723475,0.03141151
ORR1D2,3.120664635,3.125850015,0.355845474
L1M6B,0.42394767,0.522183318,0
RLTR19-int,3.331942706,3.32637765,0.175661769
L1ME3C,1.267406419,1.235679919,0
(CGGGG)n,2.377116232,2.363089008,0.242304948
RLTR44-int,2.137177717,2.168120185,0.004475425
MER44D,1.814437867,1.804575553,0.116142189
RLTR24,1.967547976,2.085775632,0.921724396
Charlie1b,2.036035441,2.080077862,0.064186001
Chap1_Mam,1.334108936,1.302893458,0
MLTR18B_MM,2.454755597,2.414331454,0.755660163
RLTR30C_MM,0.895974732,0.895974732,0
RLTR31A_Mm,1.267071108,1.324570517,0
RLTR9D,1.766008961,1.801184106,0.013735352
(TTATG)n,0.480006943,0.385963571,0
MER96,0.548126076,0.61658053,0
RMER10A,2.594919509,2.656134631,0.400612587
L1MA5,2.443721075,2.476672252,0.02679728
LTR9,0.053078443,0.037426498,0
ORR1A0,2.52281856,2.616549028,1.825618622
MLT1A0-int,1.500040343,1.466066476,0.126556038
L1ME3E,1.339423046,1.487364659,0
MER68B,1.571392685,1.62275267,0.020436481
Tigger1,2.149702859,2.18303056,0.021292496
MTE2b,2.980970929,3.0156908,0.03141151
ORR1F-int,1.522798083,1.486770413,0.10350038
(CTAGGG)n,0.185906241,0.144262774,0
MER50-int,0.062850482,0.031812271,0
L1MCb,1.416973173,1.477323878,0
ERVB7_1-LTR_MM,2.428146369,2.265233037,2.108512707
RLTR9B2,1.103950252,1.14332713,0
(GTCTG)n,0.219359949,0.223755454,0
RLTR20C,1.174350597,1.257246465,0
IAPLTR4_I,0.645562613,0.839729375,0
(T)n,3.856145268,3.886928071,0.013735352
(TTCTG)n,0.547071109,0.719828286,0
BGLII_C,0.865442408,0.977815026,0
MamGypLTR1c,0.628680795,0.36398783,0
(TAG)n,1.125852894,1.246597049,0
MLTR31D_MM,1.543518181,1.591554304,0.03141151
MURVY-int,1.439625885,1.497537788,0
RLTR42-int,2.343625195,2.424427513,0.624982978
RLTR13C2,1.705313779,1.744871657,0.02679728
MER133B,0,0,0
MER106A,1.104194361,1.286097029,0
(TTGTG)n,1.290193664,1.221674997,0
(CCTA)n,0.960266867,1.103256233,0
(TAAG)n,0.642605823,0.527629901,0
MER57E1,0.480417623,0.688775655,0
(CGCTG)n,0.972533427,0.931966115,0
MRLTR33,1.85037488,1.892473053,0.021292496
(CACCC)n,1.254202686,1.365712562,0
(CAGTG)n,1.054995862,0.813580989,0
MLT1H2,1.681099034,1.736523983,0.070219208
MER31B,1.716432653,1.778078862,0.083970761
L1M2b,1.964178786,1.708488886,2.495954327
(C)n,1.184691431,1.261548338,0
Tigger5,2.192710787,2.251720935,0.171654338
MamRep4096,0.772950057,0.89740714,0
MTE2b-int,2.039374456,1.958133676,1.430045075
LTR108e_Mam,0.331571893,0.424554977,0
(CAGGA)n,0.686763909,0.701567985,0
(TCG)n,1.895556713,1.908152469,0.03141151
MamRep1151,1.045937375,1.085290578,0
L1MA7,2.560074089,2.547816533,0.288502954
RLTR9E,1.904839148,1.908023671,0.070219208
(CAAG)n,1.126595199,1.194958122,0
ID4,3.364397136,3.373753277,0.489462709
(TCCCG)n,0.818131595,0.812244697,0
RLTR9B,1.412460547,1.294862862,0
(AAGTG)n,0.097901553,0.209515015,0
CENSAT_MC,0.053078443,0,0
(CATTC)n,0,0,0
ORR1A4-int,2.54935189,2.529892124,0.618409963
MLT1L,2.071213753,2.091019429,0.018515473
(CGG)n,3.696280858,3.655699388,2.830970839
ERVB3_1-LTR_MM,0.899586023,0.828788748,0
MMTV-int,1.98212903,1.979092901,0.114526388
MTEa,3.110169641,3.144746023,0.025537353
RLTR13C1,1.652260159,1.62316656,0.126556038
LTR79,1.297197548,1.329763875,0
HY4,0.099877868,0.272305844,0
Eulor2B,1.10282558,1.046339056,0
UCON18,0.046996563,0.089198367,0
Tigger7,2.771802633,2.794508959,0.03141151
RMER19A,2.414863567,2.479935034,0.268140103
MurSatRep1,3.53282715,3.465351022,3.636737327
ERVB4_1-LTR_MM,0.128029814,0.154119526,0
(CACTC)n,0.316868576,0.388811413,0
(TTTAG)n,0.354108439,0.295347148,0
MamGypLTR1a,0.596597096,0.589055531,0
L2c,3.141039699,3.147890791,0.380383791
RLTR13D3A,1.267540471,1.222612436,0
MER53,1.777240345,1.827058952,0.064186001
RMER6A,2.934479694,2.994424503,0.788434137
MLT1I,1.849454514,1.901741583,0.068401068
MER46C,1.92518681,1.962804833,0.023536343
Charlie20a,1.071619038,0.985785618,0
MER57E2,0.777323234,0.831741834,0
L1Md_F3,2.948335406,3.003234709,0.294243888
RLTR13C3,1.167570494,1.228143608,0
MER44A,1.70530155,1.796560458,0.242513444
RLTR5_Mm,1.216731267,1.081347308,0
UCON17,0.055815028,0,0
MMERVK10C-int,2.602622658,2.659126721,0.147955436
RLTR31B_Mm,1.448838774,1.550375132,0.170111962
MLT1H1-int,0.772426495,0.860577551,0
(GCATG)n,0.300409131,0.224791956,0
L1MC1,2.678869419,2.722367342,0.09012434
(CAACT)n,0,0.031812271,0
IMPB_01,3.057363394,3.039868403,0.134363823
MER67A,0.874233247,0.944383958,0
LTR33A,2.217397453,2.204423882,0.24561493
MLTR25C,1.614294448,1.72218953,0.242304948
RLTR13D2,1.541276059,1.509793728,0.126556038
LTR72_RN,1.65413527,1.642365581,0.094858019
hAT-N1_Mam,1.052254094,1.050611731,0
(CTACG)n,0,0,0
MERVK26-int,1.715143449,1.778614251,0.068610388
ERVB5_2-LTR_MM,1.328903586,1.260357642,0
L4_B_Mam,1.431225871,1.44557307,0
ORR1B1-int,2.553564034,2.593317087,0.045373063
(CACG)n,1.81916776,1.790918195,0.242304948
LTR9D,0.217483944,0.154119526,0
CYRA11_Mm,1.740261154,1.75069349,0.02679728
MLTR31FA_MM,1.675175828,1.695744275,0.004475425
X6B_LINE,1.17489012,1.013932121,0
ERVB3_1-I_MM-int,1.220070712,1.434568904,0
RLTR19D,0.544599508,0.683047038,0
(TGG)n,2.858605078,2.903966377,0.116024713
Eulor9B,0.512074218,0.429106008,0
MamGypLTR3a,0.457449332,0.306210508,0
LTR75,1.08849047,0.925518358,0
(CGGG)n,1.456582909,1.391640703,0
RLTR27,1.656098202,1.665149296,0.04398668
L3,3.20942807,3.200601008,0.786940252
UCON26,0.38789807,0.532754379,0
RLTR12E,2.050953942,2.076604039,0.016370185
L1M5,3.028578224,3.09138695,0.371190244
RLTR10D2,0.820201459,1.038620162,0
MER63A,1.257849928,1.356561221,0
MTEb,2.785087702,2.860340403,1.05515163
MT2B1,2.765746233,2.811599133,0.126076745
(TTTCC)n,1.545041898,1.593330381,0.021292496
Ricksha_c,0.290352659,0.269979677,0
RLTR1F_Mm,1.277510984,1.444013551,0
(GCTTG)n,0.662353021,0.59505509,0
RLTR10B2,1.540329475,1.654157282,0.330256367
L1MD3,2.194085981,2.2835138,0.695389869
Eulor11,0.052529051,0.037426498,0
MER3,2.584996374,2.612379033,0.010578235
(CGGGA)n,0.047552994,0.071882007,0
RMER17B,2.462451479,2.494969523,0.021292496
L4_C_Mam,1.434249452,1.507855872,0
MER77B,1.679453855,1.746774271,0.114526388
L1MEf,2.308689394,2.339741537,0.021292496
MER94B,0.595181173,0.785899028,0
LTR28,0.255617047,0.191451014,0
tRNA-Glu-GAG_,0.82783065,0.906442794,0
tRNA-Arg-CGG,0.587390216,0.709269961,0
(CCAA)n,1.626134979,1.703875777,0.127382604
MER113A,1.20686441,1.1857121,0
(GAATG)n,0.102335682,0.322632712,0
RLTR46A2,0.438881244,0.416307587,0
AT_rich,3.706233121,3.760472545,0.148206261
FAM,0.798847873,0.839478047,0
tRNA-Cys-TGY,0.922428859,0.860577551,0
PB1D11,3.264787812,3.282141563,0.185651085
(CATCG)n,0,0,0
(ATAAG)n,0,0.40790054,0
MLT1K,2.598749873,2.62023186,0.03141151
MER99,1.416069631,1.445728714,0
PB1D9,3.68910378,3.70595193,0.236667895
Charlie16a,1.75679906,1.856825524,0.297909608
Eulor10,0.187520721,0.104487111,0
MT2A,2.951757176,2.952730466,0.332755101
UCON5,0.204894817,0.258158193,0
RLTR45,1.743722492,1.696915281,0.293916023
L1MC2,2.258069161,2.28365847,0.010578235
(CCCCG)n,2.760065811,2.753547824,0.559209328
ERVB2_1A-I_MM-int,1.580354661,1.629837566,0.03141151
Charlie7,1.746155834,1.755722445,0.02679728
Ricksha,1.078767435,0.927678264,0
MER133A,0.257335666,0.288696261,0
RLTR9F,1.063601392,1.172953028,0
(CAGAT)n,0,0,0
X2_LINE,0.322514633,0.605089462,0
Charlie14a,0.702184268,0.878406888,0
MMERVK10D3_LTR,1.366156028,1.34869419,0
(AGATG)n,0.436162647,0,0
(TCTG)n,2.68272126,2.624280033,1.686707459
MLT1I-int,0.292888693,0.217483944,0
ORR1A3-int,2.314430053,2.317821065,0.136600882
L1MB7,3.033060543,3.06943498,0.058740402
(CTCA)n,1.551484852,1.637049208,0.156653433
Lx2A1,2.96453708,3.039953974,0.294749356
Charlie2b,1.824256038,1.89203892,0.126556038
MER89-int,0.117744641,0.180125875,0
(CAG)n,3.227062489,3.207760356,1.0266043
MLT1J1-int,0.163502132,0.188084374,0
HUERS-P3b-int,0.046996563,0,0
RLTR17D_Mm,1.991219745,2.029205153,0.03141151
Lx2B2,2.549775472,2.572739203,0.021292496
(TTCGGG)n,0.888179494,0.928190948,0
MER45A,1.347664495,1.381512175,0
MERV1_I-int,2.296116492,2.292003398,0.242304948
(CGATA)n,0,0,0
SYNREP_MM,0.610051481,0.589949601,0
(CGTAG)n,0,0,0
tRNA-Thr-ACY_,0.241617624,0.180699201,0
ORR1A2,3.199935313,3.240018286,0.126556038
MLT1J2,1.60475047,1.696303956,0.212212299
tRNA-Glu-GAA,0.42089833,0.583878598,0
tRNA-Gly-GGG,0.118217471,0.160768562,0
UCON1,0,0.133538908,0
L1ME3B,1.870228279,1.86353698,0.114526388
(TTTTC)n,2.164471824,2.220045294,0.100982494
LTR101_Mam,1.478174691,1.523173965,0.021292496
RMER6BA,1.757894682,1.79679628,0.025537353
RLTR46,0.056360281,0.036628895,0
(CTTTG)n,0.759775731,0.975339885,0
MamRep1527,0.806664407,0.836956737,0
MLT1C,2.637809829,2.670933869,0.021292496
RLTR26,1.468136252,1.489789789,0
Charlie29a,1.103754866,1.146686056,0
RLTR45-int,2.28992324,2.339053736,0.090113867
MER44C,1.698386417,1.680226699,0.118633307
L1MA6,2.812797848,2.818921,0.126556038
(CCCTA)n,0.046996563,0.094121596,0
B1_Mur4,3.676888966,3.702838616,0.03009817
MLT1D-int,1.192049464,1.295611077,0
LTR85b,0.201397124,0.176091259,0
B1_Mm,3.603312519,3.639882154,0.078976062
RMER17D,1.563498036,1.553737429,0.078976062
(CAGGT)n,0.056360281,0.154119526,0
RLTR20A4,2.584122752,2.608765578,0.021292496
Lx3A,2.636599644,2.650290034,0.114526388
RLTR30E_MM,1.233032391,1.21769446,0
X7B_LINE,1.589534726,1.568881977,0.069985482
MER34,1.434021129,1.461168253,0
MER34-int,0.201787151,0.491641793,0
MLTR12,1.647396943,1.68031738,0.011671197
MLT2D,1.776223675,1.835005304,0.078976062
MER76,1.076120081,1.05053442,0
U14,1.115325167,1.113609151,0
MER45C,1.028803558,1.138618434,0
tRNA-Ala-GCY,0.701321227,0.774078801,0
(CAGAC)n,0.347748075,0.33725954,0
MER72B,0.200224939,0.28780173,0
(CTCTG)n,1.234227947,1.263872677,0
RLTR1A2_MM,1.546648404,1.514255468,0.136600882
(GGAA)n,2.127229791,2.212347438,0.514810605
Kanga1b,1.016675257,1.176901186,0
Eulor6D,0.520015392,0.566083784,0
RMER17A-int,1.177577722,1.308521729,0
(CGAAG)n,0.075546961,0.293141483,0
tRNA-Met_,0.349970956,0.317227349,0
RLTR40,2.24113718,2.283762422,0.02679728
RMER17C,2.458331307,2.517362192,0.24561493
MER66-int,0.178565878,0.183554534,0
tRNA-Trp-TGG,0.51245568,0.493876111,0
MLT1A-int,0.51568465,0.792671789,0
MER58D,1.197122962,1.348577429,0
RLTR35B_MM,1.371226239,1.451817127,0
RLTR12C,2.098040189,2.086701436,0.213931252
RLTR50B,1.557197741,1.31877266,0
Tigger16b,1.462205411,1.517670854,0.02679728
Tigger9b,1.672348594,1.708454894,0.014699464
L1ME4c,1.7889659,1.779582063,0.1144582
Lx9,3.392774562,3.431430673,0.081855508
(ACCG)n,0.110108498,0.286905353,0
MER92C,0.480212332,0.683047038,0
GC_rich,3.840479621,3.813386814,1.341654191
MLTR11A,2.425229027,2.451513189,0.015656778
MT-int,2.191147485,2.05193933,0.53004906
Mam_R4,0.745632366,0.669316881,0
ERVB4_1C-LTR_Mm,2.439276288,2.339173086,2.574390727
Zaphod3,1.320650642,1.359152211,0
L1MEi,1.256889479,1.323499608,0
(TC)n,2.869924529,2.868097553,0.517570089
LTR27C,0,0,0
MER68-int,0.997698355,1.042654253,0
L1M3b,1.197398717,1.195622944,0
RMER16-int,2.12583432,2.209397042,0.468532651
(CTAGT)n,0.046996563,0.108565024,0
RLTR18-int,1.559085458,1.548512256,0.077259302
(TTAGGG)n,1.02219263,1.086217416,0
MER119,1.644607379,1.660713733,0.021292496
Charlie17a,0.847836963,0.878636673,0
MER2,2.912004057,2.947789443,0.04398668
MLT2E,0.650723713,0.599664779,0
Lx2A,1.558228422,1.637589786,0.078976062
(CCCGA)n,0.047552994,0.071882007,0
Tigger8,0.958154171,1.031327658,0
(TAA)n,1.781909171,1.904163538,0.514810605
LTR37A,1.267004015,1.362783963,0
MER66C,0.295095639,0.13289977,0
Ricksha_c,1.033710892,1.07070266,0
MARINER1_EC,0,0,0
RLTR28,2.549055837,2.556796832,0.137211418
tRNA-Ala-GCA,1.693802297,1.682686478,0.092306216
HERVL74-int,0.887697658,1.200905192,0
RLTR44E,1.145551548,1.19368103,0
MER31-int,0.839298438,0.568670978,0
(CACTG)n,0.803066739,0.833019547,0
L1VL2,2.820931084,2.889200822,0.741640111
(AATTG)n,0,0.061452479,0
tRNA-Arg-AGG,0.11107039,0.277379975,0
(CAGGC)n,0.856815171,0.851869601,0
Tigger12A,0.630427875,0.761175813,0
L1P5,1.039414119,1.0786018,0
UCON11,0.534207478,0.425208051,0
LTR16B2,1.240976914,1.217431299,0
RMER5,2.711975854,2.757528119,0.158401126
(TTTTTG)n,2.533882769,2.583323488,0.127843047
MER110,0.736282649,0.602494069,0
Lx3_Mus,2.709703554,2.729333289,0.058204768
RLTR10-int,2.836984732,2.836535514,0.260756916
MTC,3.423860942,3.464576278,0.113494904
RLTR41B,1.108275011,1.222508376,0
MER72,0,0,0
ORR1D1,3.237851326,3.281499699,0.211092505
7SLRNA,5.110254135,5.065989446,0.900841232
LTR82A,1.40651585,1.451233624,0
RMER16A2,1.310935952,1.354108439,0
RMER17C-int,1.904089265,1.881453134,0.138637889
ERVB5_1-I_MM-int,1.380779589,1.350519368,0
U2,3.045279938,3.180571415,0.214291279
(CGAT)n,0.305044122,0.071882007,0
tRNA-Thr-ACY,0.360647501,0.556543708,0
(TTCTCC)n,1.685895218,1.674861141,0.105957088
X6A_LINE,1.199559293,1.086715664,0
LTR16A2,1.160768562,1.257294498,0
RLTR13D4,1.009086504,1.038858502,0
(GCGTG)n,0.617449689,0.612571954,0
RLTR13D5,1.654121512,1.645756214,0.070219208
MER117,1.690803414,1.725225362,0.021292496
Helitron2Na_Mam,0.620582172,0.720985744,0
Ricksha_b,0.039697324,0,0
(TTACG)n,0,0,0
(ATTTG)n,0.443374761,0.385606274,0
MER115,1.399772582,1.348966512,0
T-rich,3.330514363,3.354005042,0.02679728
LTR50,2.216893203,2.15136372,0.750174488
RLTR20B4_MM,1.630137183,1.583448167,0.242304948
(TAGA)n,2.378885657,2.377102172,0.213931252
LTR31,1.223644253,1.219217657,0
RMER21A,2.379673211,2.351788579,0.769048103
LTR52,0.709512245,0.789580712,0
Lx5,3.426059304,3.390751111,4.78852683
L1ME4b,2.283666219,2.357614723,0.330256367
B4A,4.037509649,4.058027992,0.126556038
tRNA-Asn-AAC,0.735028285,0.79000352,0
(CTTTA)n,0.02413368,0.089198367,0
RLTR6-int,2.628029667,2.632009607,0.242304948
(GGAGA)n,1.541151157,1.549542728,0.021292496
ERVB4_2-LTR_MM,0.426743567,0.441223674,0
(GTGTG)n,1.009632977,1.0523091,0
MusHAL1,2.335151164,2.355857464,0.02679728
RMER12C,2.242832375,2.246493657,0.114526388
Helitron1Na_Mam,0.801305686,0.668012972,0
RLTR11D,1.702418226,1.77563957,0.126556038
tRNA-Gln-CAA,0.30810686,0.375480715,0
MuLV-int,4.091226613,4.098705665,0.073599645
MLT1N2-int,0.02413368,0,0
(ACCTG)n,0.271841607,0.225825991,0
MER103C,1.925090983,1.924475708,0.081481882
(GGGAGA)n,1.255134612,1.249002575,0
ORSL,1.003214264,1.017784353,0
B1F,3.706500764,3.720843708,0.361673088
(GGA)n,2.885101018,2.884286596,0.242751923
Tigger17,1.695956739,1.739746344,0.02679728
MER45R,1.790908154,1.741702984,0.240184227
L1MA4,2.685001721,2.711733013,0.014699464
MER97c,0.5940767,0.379849179,0
L1MA9,2.275245522,2.311495326,0.021292496
tRNA-Met-i,0.64274708,0.686814955,0
MER5B,2.470830343,2.507505057,0.03141151
IAPEz-int,3.69287171,3.729242405,0.03141151
MER87,0.506311712,0.421274791,0
(TCGTG)n,0,0,0
tRNA-Ser-TCG,0.67669361,0.748188027,0
MER91B,1.504296061,1.521739401,0.004475425
RLTR41A2,1.040941236,1.117337595,0
RLTR11A,2.559614262,2.63447727,0.560913833
(CCCCCG)n,1.57601209,1.540179261,0.125408144
LTR64,0,0.036628895,0
MTE2a-int,1.94223489,1.961952364,0.025821794
Tigger20a,1.301649974,1.256717746,0
RLTR12G,1.696293968,1.659231433,0.23370083
AmnSINE1,2.332971982,2.35449644,0.021292496
Eulor6C,0.02413368,0,0
Tigger17c,1.745431722,1.747846662,0.070219208
tRNA-Val-GTA,0.301340095,0.442793226,0
L1_Mm,3.395097389,3.325587082,1.825618622
RLTR47_MM,0.201397124,0,0
Charlie12,1.655824199,1.77633791,0.509341131
ERVB4_3-I_MM-int,0.861107502,0.910090546,0
MamTip3,0.919974161,0.836703799,0
MLT2B1,1.8444683,1.794850388,0.173510975
LTR10_RN,1.918681739,1.942771739,0.018921313
LTR16B1,1.003460532,1.272908613,0